GROUP,PACKAGE,CLASS,INSTRUCTION_MISSED,INSTRUCTION_COVERED,BRANCH_MISSED,BRANCH_COVERED,LINE_MISSED,LINE_COVERED,COMPLEXITY_MISSED,COMPLEXITY_COVERED,METHOD_MISSED,METHOD_COVERED
PokeSal,pokesal,SelecaoInicial,59,23,2,4,19,4,4,3,3,1
PokeSal,pokesal,Pokesal,20,101,0,6,1,29,1,18,1,15
PokeSal,pokesal,Terreno,27,0,0,0,5,0,1,0,1,0
PokeSal,pokesal,Batalha.Acao,39,0,0,0,13,0,5,0,5,0
PokeSal,pokesal,PokesalInicialOpcao,22,197,1,6,2,22,2,8,1,3
PokeSal,pokesal,Potion,0,14,0,0,0,5,0,3,0,3
PokeSal,pokesal,Treinador,25,93,4,8,5,22,8,9,5,6
PokeSal,pokesal,TipoElemental,0,71,0,24,0,9,0,14,0,2
PokeSal,pokesal,TotoSal,0,9,0,0,0,2,0,1,0,1
PokeSal,pokesal,CyndaSal,0,9,0,0,0,2,0,1,0,1
PokeSal,pokesal,Antidoto,2,22,0,2,1,6,1,3,1,2
PokeSal,pokesal,BulbaSal,0,9,0,0,0,2,0,1,0,1
PokeSal,pokesal,BatalhaPrototipo,108,0,6,0,21,0,5,0,2,0
PokeSal,pokesal,CharSal,0,9,0,0,0,2,0,1,0,1
PokeSal,pokesal,SuperPotion,2,12,0,0,1,4,1,2,1,2
PokeSal,pokesal,Batalha,468,0,92,0,102,0,56,0,9,0
PokeSal,pokesal,ChikoSal,0,9,0,0,0,2,0,1,0,1
PokeSal,pokesal,SquirSal,0,9,0,0,0,2,0,1,0,1
PokeSal,pokesal,StatusEfeito,0,27,0,0,0,5,0,1,0,1
PokeSal,pokesal,Esquiva,11,0,2,0,2,0,3,0,2,0
PokeSal,pokesal,Batalha.TipoAcao,21,0,0,0,1,0,1,0,1,0
PokeSal,pokesal,Main,254,0,20,0,65,0,15,0,4,0
